order_id,product,quantity,price,date,region
1,Phone,6,593.86,2024-03-28 18:10:38.994363,South
2,Phone,9,1913.59,2024-04-02 18:10:38.994363,East
3,Monitor,7,1669.81,2024-03-30 18:10:38.994363,North
4,Keyboard,8,1531.39,2024-08-04 18:10:38.994363,South
5,Phone,8,1272.26,2024-02-16 18:10:38.994363,East
6,Phone,3,1771.36,2024-07-12 18:10:38.994363,East
7,Laptop,4,1149.83,2024-02-17 18:10:38.994363,North
8,Monitor,2,138.11,2024-04-29 18:10:38.994363,South
9,Phone,8,1570.12,2024-05-19 18:10:38.994363,West
10,Laptop,2,1095.21,2024-10-17 18:10:38.994363,North
11,Monitor,4,326.06,2024-05-20 18:10:38.994363,North
12,Monitor,7,1153.5,2024-05-15 18:10:38.994363,North
13,Laptop,2,1363.93,2024-02-14 18:10:38.994363,South
14,Keyboard,4,962.74,2024-02-24 18:10:38.994363,West
15,Laptop,7,1176.36,2024-02-22 18:10:38.994363,East
16,Monitor,2,1806.42,2024-12-14 18:10:38.994363,West
17,Tablet,5,724.58,2024-03-24 18:10:38.994363,West
18,Laptop,2,996.26,2024-04-17 18:10:38.994363,North
19,Laptop,7,1994.65,2024-10-31 18:10:38.994363,South
20,Monitor,3,1233.03,2024-10-27 18:10:38.994363,East
21,Phone,6,1082.52,2024-08-17 18:10:38.994363,East
22,Laptop,7,1321.9,2024-02-21 18:10:38.994363,West
23,Laptop,3,1554.95,2024-02-06 18:10:38.994363,North
24,Laptop,2,1054.59,2024-02-25 18:10:38.994363,East
25,Keyboard,5,1366.56,2024-02-20 18:10:38.994363,South
26,Tablet,1,1804.89,2024-06-16 18:10:38.994363,East
27,Keyboard,8,648.32,2024-09-10 18:10:38.994363,East
28,Tablet,5,1724.59,2024-02-24 18:10:38.994363,East
29,Phone,1,1995.69,2025-01-10 18:10:38.994363,North
30,Phone,8,942.1,2025-01-18 18:10:38.994363,South
31,Laptop,5,1440.51,2024-04-06 18:10:38.994363,West
32,Phone,3,1366.49,2024-06-21 18:10:38.994363,East
33,Laptop,6,1895.4,2024-07-02 18:10:38.994363,West
34,Keyboard,2,376.43,2024-03-14 18:10:38.994363,North
35,Keyboard,6,1823.4,2024-11-03 18:10:38.994363,East
36,Keyboard,9,1562.95,2024-11-16 18:10:38.994363,North
37,Laptop,8,262.63,2024-03-28 18:10:38.994363,West
38,Tablet,1,356.64,2024-04-03 18:10:38.994363,North
39,Keyboard,4,1226.23,2024-03-06 18:10:38.994363,North
40,Monitor,4,766.17,2024-02-18 18:10:38.994363,West
41,Tablet,3,1901.68,2024-10-04 18:10:38.994363,West
42,Tablet,8,1972.55,2024-09-13 18:10:38.994363,East
43,Keyboard,1,1958.8,2024-09-26 18:10:38.994363,North
44,Laptop,2,341.88,2024-09-18 18:10:38.994363,East
45,Phone,5,918.84,2024-04-04 18:10:38.994363,West
46,Keyboard,6,711.26,2024-12-28 18:10:38.994363,South
47,Keyboard,9,557.35,2024-10-08 18:10:38.994363,West
48,Tablet,6,1743.4,2024-07-02 18:10:38.994363,East
49,Monitor,2,385.63,2024-06-10 18:10:38.994363,North
50,Keyboard,9,412.87,2024-10-11 18:10:38.994363,East
51,Keyboard,9,1103.57,2024-05-24 18:10:38.994363,East
52,Monitor,6,369.23,2024-09-16 18:10:38.994363,South
53,Monitor,1,1410.18,2024-07-29 18:10:38.994363,South
54,Phone,7,876.45,2024-12-12 18:10:38.994363,East
55,Phone,9,147.94,2024-05-15 18:10:38.994363,East
56,Phone,9,991.15,2024-02-24 18:10:38.994363,East
57,Monitor,6,490.88,2024-04-14 18:10:38.994363,South
58,Keyboard,7,1368.95,2024-04-27 18:10:38.994363,East
59,Tablet,7,1124.96,2024-06-20 18:10:38.994363,East
60,Tablet,4,292.65,2024-12-15 18:10:38.994363,East
61,Tablet,8,1309.89,2024-06-25 18:10:38.994363,South
62,Keyboard,2,740.65,2024-05-05 18:10:38.994363,South
63,Tablet,3,1074.94,2025-01-28 18:10:38.994363,South
64,Phone,9,359.2,2024-07-17 18:10:38.994363,East
65,Keyboard,7,316.88,2024-05-18 18:10:38.994363,North
66,Keyboard,5,594.27,2024-11-30 18:10:38.994363,South
67,Laptop,1,1656.42,2024-05-05 18:10:38.994363,North
68,Phone,4,926.18,2024-04-16 18:10:38.994363,West
69,Laptop,4,314.53,2024-11-30 18:10:38.994363,North
70,Monitor,1,853.36,2025-01-12 18:10:38.994363,West
71,Laptop,7,117.79,2024-07-06 18:10:38.994363,West
72,Keyboard,3,1217.21,2024-05-05 18:10:38.994363,South
73,Tablet,1,891.45,2024-08-21 18:10:38.994363,East
74,Monitor,7,552.76,2024-02-14 18:10:38.994363,North
75,Phone,7,658.44,2024-06-15 18:10:38.994363,South
76,Phone,5,1272.3,2024-12-29 18:10:38.994363,East
77,Tablet,4,847.42,2024-09-14 18:10:38.994363,South
78,Tablet,9,1941.1,2024-04-14 18:10:38.994363,East
79,Keyboard,3,449.32,2025-01-04 18:10:38.994363,East
80,Monitor,5,189.63,2025-01-15 18:10:38.994363,North
81,Phone,9,1414.93,2024-07-29 18:10:38.994363,East
82,Tablet,3,1472.95,2024-06-30 18:10:38.994363,West
83,Monitor,3,1412.32,2025-01-15 18:10:38.994363,South
84,Keyboard,3,838.61,2024-09-28 18:10:38.994363,West
85,Laptop,9,1021.37,2024-02-13 18:10:38.994363,East
86,Laptop,1,1356.28,2024-05-14 18:10:38.994363,East
87,Tablet,2,1208.52,2024-03-07 18:10:38.994363,South
88,Laptop,8,996.87,2025-01-29 18:10:38.994363,South
89,Monitor,1,1619.72,2024-09-08 18:10:38.994363,East
90,Monitor,6,849.82,2024-02-07 18:10:38.994363,East
91,Keyboard,3,976.16,2024-04-14 18:10:38.994363,East
92,Phone,8,1178.12,2024-12-18 18:10:38.994363,West
93,Monitor,7,1702.25,2024-10-10 18:10:38.994363,North
94,Phone,3,929.72,2024-04-28 18:10:38.994363,West
95,Tablet,3,1594.84,2024-05-22 18:10:38.994363,West
96,Laptop,9,1597.86,2024-11-02 18:10:38.994363,South
97,Laptop,6,939.79,2024-09-18 18:10:38.994363,North
98,Laptop,8,1894.11,2024-02-05 18:10:38.994363,West
99,Keyboard,1,1322.29,2024-10-26 18:10:38.994363,West
100,Tablet,7,472.31,2024-10-20 18:10:38.994363,East
101,Monitor,1,1097.88,2024-04-20 18:10:38.994363,East
102,Phone,9,1776.53,2024-10-09 18:10:38.994363,East
103,Laptop,7,581.93,2024-08-28 18:10:38.994363,South
104,Laptop,8,308.49,2024-08-15 18:10:38.994363,North
105,Phone,4,125.74,2024-08-02 18:10:38.994363,South
106,Laptop,7,1608.68,2025-01-07 18:10:38.994363,South
107,Keyboard,8,118.27,2024-10-01 18:10:38.994363,West
108,Monitor,5,1894.29,2025-01-01 18:10:38.994363,South
109,Monitor,9,441.22,2024-12-13 18:10:38.994363,West
110,Phone,8,324.67,2024-03-21 18:10:38.994363,East
111,Tablet,4,1816.63,2024-05-11 18:10:38.994363,North
112,Monitor,7,863.26,2024-03-16 18:10:38.994363,North
113,Laptop,8,1879.76,2024-12-31 18:10:38.994363,North
114,Keyboard,8,571.45,2025-01-08 18:10:38.994363,East
115,Keyboard,8,525.65,2024-06-29 18:10:38.994363,South
116,Keyboard,7,537.98,2024-03-25 18:10:38.994363,West
117,Keyboard,2,1563.28,2024-12-06 18:10:38.994363,West
118,Phone,9,1218.65,2024-03-06 18:10:38.994363,South
119,Monitor,8,1137.29,2024-07-06 18:10:38.994363,East
120,Monitor,4,666.02,2024-10-16 18:10:38.994363,South
121,Laptop,9,1451.52,2024-12-03 18:10:38.994363,North
122,Tablet,6,1187.39,2024-06-15 18:10:38.994363,South
123,Keyboard,8,394.69,2024-10-18 18:10:38.994363,East
124,Tablet,3,1639.67,2024-11-04 18:10:38.994363,West
125,Laptop,5,209.93,2024-03-24 18:10:38.994363,East
126,Laptop,8,1249.52,2024-04-14 18:10:38.994363,North
127,Keyboard,6,165.06,2024-08-20 18:10:38.994363,North
128,Phone,3,642.06,2024-10-18 18:10:38.994363,South
129,Monitor,7,1141.61,2024-06-03 18:10:38.994363,South
130,Keyboard,6,1431.17,2024-08-11 18:10:38.994363,South
131,Keyboard,3,596.2,2024-07-03 18:10:38.994363,South
132,Laptop,6,240.61,2025-01-30 18:10:38.994363,East
133,Keyboard,9,765.72,2024-03-03 18:10:38.994363,East
134,Keyboard,5,1182.69,2024-03-27 18:10:38.994363,South
135,Keyboard,8,1708.46,2024-09-14 18:10:38.994363,North
136,Keyboard,2,1053.92,2024-11-23 18:10:38.994363,South
137,Monitor,9,923.31,2024-03-21 18:10:38.994363,West
138,Monitor,7,1799.89,2024-05-20 18:10:38.994363,East
139,Tablet,9,1832.97,2024-04-01 18:10:38.994363,South
140,Laptop,2,637.34,2024-05-17 18:10:38.994363,West
141,Laptop,4,394.16,2024-05-19 18:10:38.994363,East
142,Tablet,2,1501.25,2024-12-20 18:10:38.994363,South
143,Monitor,4,1354.91,2024-05-23 18:10:38.994363,South
144,Phone,9,316.48,2024-09-16 18:10:38.994363,South
145,Phone,8,982.31,2024-08-30 18:10:38.994363,East
146,Tablet,2,136.51,2024-08-08 18:10:38.994363,East
147,Laptop,3,525.79,2024-10-11 18:10:38.994363,West
148,Tablet,5,1382.13,2024-03-15 18:10:38.994363,South
149,Keyboard,5,1033.13,2024-11-13 18:10:38.994363,South
150,Tablet,7,561.13,2024-10-21 18:10:38.994363,West
151,Phone,8,642.94,2024-08-21 18:10:38.994363,West
152,Laptop,4,1936.86,2024-08-15 18:10:38.994363,North
153,Keyboard,2,1954.21,2024-06-30 18:10:38.994363,West
154,Keyboard,2,1100.4,2024-10-31 18:10:38.994363,North
155,Laptop,1,631.74,2024-12-22 18:10:38.994363,North
156,Laptop,8,861.38,2024-08-11 18:10:38.994363,East
157,Laptop,2,1272.29,2024-09-02 18:10:38.994363,North
158,Tablet,7,942.83,2024-03-14 18:10:38.994363,West
159,Laptop,1,445.19,2024-12-26 18:10:38.994363,South
160,Laptop,2,1407.54,2024-02-21 18:10:38.994363,West
161,Monitor,6,1686.26,2024-10-16 18:10:38.994363,South
162,Monitor,7,1634.36,2024-09-01 18:10:38.994363,East
163,Tablet,5,1710.14,2024-05-03 18:10:38.994363,North
164,Tablet,8,1645.78,2024-09-20 18:10:38.994363,East
165,Monitor,1,641.7,2024-05-11 18:10:38.994363,North
166,Tablet,9,1932.69,2024-08-03 18:10:38.994363,North
167,Phone,8,1417.64,2024-10-10 18:10:38.994363,East
168,Tablet,5,828.86,2024-05-16 18:10:38.994363,East
169,Phone,2,517.78,2024-06-15 18:10:38.994363,North
170,Laptop,2,719.84,2024-03-18 18:10:38.994363,East
171,Laptop,6,1029.21,2024-10-22 18:10:38.994363,West
172,Keyboard,7,366.85,2024-06-27 18:10:38.994363,North
173,Laptop,4,970.76,2024-07-19 18:10:38.994363,South
174,Keyboard,7,1864.64,2024-10-22 18:10:38.994363,North
175,Tablet,6,348.82,2024-12-08 18:10:38.994363,West
176,Monitor,3,647.57,2024-10-24 18:10:38.994363,South
177,Keyboard,4,1901.2,2024-03-13 18:10:38.994363,East
178,Keyboard,6,403.37,2024-07-21 18:10:38.994363,South
179,Phone,8,1280.19,2024-02-07 18:10:38.994363,South
180,Phone,5,380.19,2024-11-29 18:10:38.994363,South
181,Laptop,4,1484.32,2025-01-05 18:10:38.994363,North
182,Monitor,5,165.32,2024-02-13 18:10:38.994363,South
183,Tablet,2,1909.38,2024-10-08 18:10:38.994363,East
184,Keyboard,9,151.46,2024-10-16 18:10:38.994363,East
185,Phone,5,1351.83,2024-11-15 18:10:38.994363,South
186,Tablet,2,1149.51,2024-10-18 18:10:38.994363,East
187,Laptop,1,1052.41,2024-12-23 18:10:38.994363,South
188,Phone,2,258.99,2024-02-07 18:10:38.994363,South
189,Keyboard,2,1317.0,2024-12-31 18:10:38.994363,South
190,Keyboard,9,1624.99,2024-09-10 18:10:38.994363,North
191,Phone,1,1110.64,2024-06-22 18:10:38.994363,South
192,Tablet,2,1668.87,2024-07-06 18:10:38.994363,South
193,Phone,3,444.67,2024-12-15 18:10:38.994363,South
194,Monitor,5,970.13,2024-03-24 18:10:38.994363,North
195,Phone,2,1778.9,2024-12-12 18:10:38.994363,West
196,Phone,6,412.13,2024-04-06 18:10:38.994363,North
197,Laptop,4,1118.81,2024-11-12 18:10:38.994363,East
198,Keyboard,2,1703.67,2024-12-29 18:10:38.994363,East
199,Keyboard,5,1235.87,2024-02-29 18:10:38.994363,North
200,Keyboard,8,1470.32,2024-12-31 18:10:38.994363,North
201,Tablet,4,1848.76,2024-09-25 18:10:38.994363,South
202,Phone,1,1110.45,2024-02-24 18:10:38.994363,West
203,Phone,8,364.83,2024-08-21 18:10:38.994363,North
204,Keyboard,9,226.07,2024-12-11 18:10:38.994363,South
205,Laptop,7,1169.14,2024-06-02 18:10:38.994363,East
206,Phone,7,237.61,2024-03-15 18:10:38.994363,South
207,Monitor,3,1937.44,2024-02-25 18:10:38.994363,South
208,Keyboard,1,1736.97,2024-05-15 18:10:38.994363,East
209,Laptop,1,539.14,2024-06-13 18:10:38.994363,West
210,Laptop,6,1641.51,2024-12-08 18:10:38.994363,East
211,Keyboard,3,1710.8,2024-07-14 18:10:38.994363,East
212,Phone,7,1729.58,2024-10-29 18:10:38.994363,South
213,Tablet,9,614.08,2024-10-06 18:10:38.994363,South
214,Monitor,3,1380.37,2024-09-08 18:10:38.994363,West
215,Monitor,3,1413.61,2024-05-03 18:10:38.994363,South
216,Monitor,7,439.66,2024-11-04 18:10:38.994363,South
217,Keyboard,8,1702.45,2024-08-26 18:10:38.994363,South
218,Tablet,5,1975.49,2024-09-02 18:10:38.994363,North
219,Laptop,7,1352.52,2024-03-06 18:10:38.994363,West
220,Laptop,6,903.13,2024-10-24 18:10:38.994363,North
221,Laptop,3,1348.44,2024-12-18 18:10:38.994363,East
222,Tablet,2,549.14,2024-11-01 18:10:38.994363,East
223,Keyboard,2,1278.12,2024-05-16 18:10:38.994363,North
224,Phone,5,530.48,2025-01-05 18:10:38.994363,North
225,Laptop,9,130.23,2024-08-28 18:10:38.994363,West
226,Laptop,6,1125.4,2024-02-18 18:10:38.994363,West
227,Tablet,1,1511.87,2024-09-13 18:10:38.994363,East
228,Monitor,9,1957.59,2024-04-10 18:10:38.994363,South
229,Phone,5,423.11,2025-01-22 18:10:38.994363,North
230,Phone,4,1139.52,2024-03-10 18:10:38.994363,East
231,Keyboard,2,921.71,2024-12-08 18:10:38.994363,West
232,Monitor,8,1365.19,2024-05-08 18:10:38.994363,East
233,Tablet,7,1163.22,2025-01-16 18:10:38.994363,West
234,Keyboard,8,637.3,2025-01-16 18:10:38.994363,West
235,Monitor,4,719.79,2024-12-04 18:10:38.994363,South
236,Laptop,1,445.39,2024-07-19 18:10:38.994363,West
237,Monitor,1,717.08,2024-04-27 18:10:38.994363,West
238,Keyboard,7,1902.37,2024-06-09 18:10:38.994363,East
239,Phone,4,1977.13,2024-08-18 18:10:38.994363,South
240,Laptop,3,1907.59,2024-08-22 18:10:38.994363,East
241,Laptop,7,1112.96,2024-10-26 18:10:38.994363,South
242,Laptop,5,546.44,2024-03-30 18:10:38.994363,East
243,Phone,4,846.97,2024-05-27 18:10:38.994363,North
244,Laptop,6,1315.38,2024-11-14 18:10:38.994363,South
245,Laptop,1,739.93,2024-06-16 18:10:38.994363,South
246,Tablet,1,1166.54,2024-05-18 18:10:38.995362,West
247,Laptop,9,543.41,2024-02-04 18:10:38.995362,East
248,Tablet,2,511.78,2025-01-10 18:10:38.995362,East
249,Laptop,6,1570.8,2024-06-06 18:10:38.995362,West
250,Keyboard,3,1022.38,2024-07-16 18:10:38.995362,West
251,Laptop,3,1204.74,2024-02-10 18:10:38.995362,East
252,Keyboard,6,1711.76,2024-06-22 18:10:38.995362,West
253,Laptop,1,366.53,2024-06-02 18:10:38.995362,West
254,Phone,1,1176.86,2025-01-07 18:10:38.995362,South
255,Keyboard,8,1498.26,2024-12-06 18:10:38.995362,East
256,Phone,5,468.24,2024-11-04 18:10:38.995362,North
257,Laptop,5,602.92,2024-06-23 18:10:38.995362,East
258,Tablet,7,969.43,2024-05-01 18:10:38.995362,East
259,Laptop,4,499.75,2024-03-06 18:10:38.995362,South
260,Monitor,9,1595.04,2025-01-13 18:10:38.995362,West
261,Laptop,2,1101.32,2025-01-27 18:10:38.995362,South
262,Tablet,9,1485.86,2024-11-16 18:10:38.995362,East
263,Keyboard,2,503.0,2024-11-08 18:10:38.995362,South
264,Tablet,8,1687.25,2024-02-22 18:10:38.995362,South
265,Tablet,3,1716.28,2024-09-05 18:10:38.995362,South
266,Phone,2,1330.51,2024-12-19 18:10:38.995362,North
267,Monitor,7,1524.19,2024-12-25 18:10:38.995362,West
268,Laptop,5,1013.39,2024-04-27 18:10:38.995362,South
269,Keyboard,9,655.63,2024-04-06 18:10:38.995362,South
270,Phone,7,457.83,2024-10-12 18:10:38.995362,South
271,Phone,6,1795.28,2024-10-05 18:10:38.995362,East
272,Monitor,7,1744.51,2024-02-13 18:10:38.995362,West
273,Phone,6,1187.4,2024-02-09 18:10:38.995362,South
274,Phone,2,923.97,2024-06-06 18:10:38.995362,South
275,Keyboard,8,1265.95,2024-09-02 18:10:38.995362,East
276,Tablet,1,660.04,2025-01-24 18:10:38.995362,North
277,Tablet,6,1343.09,2024-04-06 18:10:38.995362,West
278,Keyboard,5,1438.54,2024-06-20 18:10:38.995362,South
279,Tablet,6,538.58,2024-09-17 18:10:38.995362,West
280,Tablet,8,562.61,2024-09-14 18:10:38.995362,South
281,Laptop,1,1253.1,2024-03-28 18:10:38.995362,North
282,Keyboard,1,1738.0,2024-06-29 18:10:38.995362,South
283,Keyboard,7,562.25,2024-10-21 18:10:38.995362,North
284,Tablet,1,854.35,2024-09-30 18:10:38.995362,East
285,Keyboard,1,1767.66,2024-08-30 18:10:38.995362,South
286,Keyboard,9,1702.39,2024-11-15 18:10:38.995362,West
287,Laptop,1,1234.16,2024-09-03 18:10:38.995362,North
288,Tablet,9,743.97,2024-08-13 18:10:38.995362,South
289,Phone,1,357.17,2024-11-21 18:10:38.995362,West
290,Tablet,4,1064.6,2024-11-18 18:10:38.995362,East
291,Phone,1,1750.57,2024-12-01 18:10:38.995362,North
292,Laptop,2,1565.09,2024-10-12 18:10:38.995362,North
293,Tablet,1,112.12,2024-06-18 18:10:38.995362,South
294,Tablet,1,1214.88,2025-01-26 18:10:38.995362,North
295,Tablet,8,988.5,2024-08-21 18:10:38.995362,West
296,Phone,7,1204.22,2024-08-23 18:10:38.995362,East
297,Monitor,8,1066.42,2024-11-01 18:10:38.995362,South
298,Monitor,6,1290.63,2024-08-04 18:10:38.995362,South
299,Phone,6,1998.1,2024-08-24 18:10:38.995362,East
300,Phone,1,472.16,2024-02-22 18:10:38.995362,East
301,Phone,1,1702.91,2024-07-05 18:10:38.995362,West
302,Tablet,9,741.14,2024-12-31 18:10:38.995362,North
303,Phone,3,581.82,2024-12-21 18:10:38.995362,North
304,Phone,1,633.03,2024-07-10 18:10:38.995362,East
305,Laptop,4,787.8,2024-02-06 18:10:38.995362,South
306,Monitor,6,935.72,2024-06-21 18:10:38.995362,East
307,Keyboard,2,1022.0,2024-03-17 18:10:38.995362,East
308,Keyboard,3,691.55,2025-01-05 18:10:38.995362,South
309,Monitor,7,878.1,2024-07-04 18:10:38.995362,West
310,Laptop,9,220.52,2024-03-09 18:10:38.995362,South
311,Keyboard,5,1115.44,2024-07-15 18:10:38.995362,East
312,Phone,1,130.41,2025-01-28 18:10:38.995362,West
313,Laptop,9,381.54,2025-01-25 18:10:38.995362,West
314,Keyboard,1,1397.84,2025-01-24 18:10:38.995362,West
315,Monitor,2,1368.54,2024-08-05 18:10:38.995362,East
316,Laptop,6,801.55,2024-08-18 18:10:38.995362,East
317,Keyboard,3,823.21,2024-05-14 18:10:38.995362,South
318,Phone,5,371.28,2024-09-11 18:10:38.995362,North
319,Phone,4,150.88,2024-07-25 18:10:38.995362,East
320,Tablet,3,255.28,2024-05-04 18:10:38.995362,South
321,Monitor,8,783.27,2024-06-06 18:10:38.995362,South
322,Monitor,1,1050.44,2024-08-29 18:10:38.995362,North
323,Laptop,4,150.49,2024-09-06 18:10:38.995362,West
324,Laptop,1,484.11,2024-04-03 18:10:38.995362,East
325,Monitor,4,262.67,2025-01-18 18:10:38.995362,West
326,Monitor,1,1311.48,2024-06-27 18:10:38.995362,West
327,Laptop,2,1806.06,2024-04-11 18:10:38.995362,North
328,Phone,7,1268.51,2024-03-12 18:10:38.995362,North
329,Keyboard,6,1077.59,2024-04-07 18:10:38.995362,North
330,Phone,5,1284.51,2024-05-21 18:10:38.995362,North
331,Keyboard,6,1294.65,2024-08-19 18:10:38.995362,South
332,Keyboard,3,540.15,2024-07-04 18:10:38.995362,South
333,Phone,7,853.5,2024-02-05 18:10:38.995362,South
334,Laptop,6,351.0,2024-11-02 18:10:38.995362,North
335,Phone,6,1519.24,2024-09-02 18:10:38.995362,East
336,Monitor,1,727.16,2024-08-17 18:10:38.995362,East
337,Keyboard,5,1527.91,2024-08-02 18:10:38.995362,North
338,Phone,1,1949.14,2024-08-24 18:10:38.995362,South
339,Tablet,2,628.27,2024-09-05 18:10:38.995362,South
340,Laptop,4,1246.56,2024-11-01 18:10:38.995362,West
341,Laptop,9,991.57,2024-08-29 18:10:38.995362,West
342,Keyboard,8,1292.89,2025-01-13 18:10:38.995362,North
343,Phone,7,1771.78,2024-10-14 18:10:38.995362,North
344,Laptop,8,230.03,2024-02-24 18:10:38.995362,North
345,Laptop,1,1050.47,2024-09-03 18:10:38.995362,West
346,Laptop,8,1867.54,2024-07-12 18:10:38.995362,West
347,Phone,4,1566.93,2024-09-08 18:10:38.995362,South
348,Tablet,6,1075.98,2025-01-24 18:10:38.995362,West
349,Monitor,3,1158.68,2025-01-19 18:10:38.995362,North
350,Phone,5,1399.02,2025-01-22 18:10:38.995362,West
351,Phone,3,1432.42,2024-11-03 18:10:38.995362,South
352,Tablet,1,837.85,2024-06-23 18:10:38.995362,West
353,Monitor,7,1731.99,2024-10-02 18:10:38.995362,West
354,Laptop,8,488.19,2024-06-29 18:10:38.995362,East
355,Phone,8,1238.4,2024-08-14 18:10:38.995362,North
356,Keyboard,8,1327.04,2024-05-16 18:10:38.995362,West
357,Tablet,4,1054.76,2024-09-03 18:10:38.995362,North
358,Laptop,1,1001.35,2024-12-29 18:10:38.995362,South
359,Keyboard,8,602.74,2024-10-18 18:10:38.995362,East
360,Tablet,2,725.29,2025-01-17 18:10:38.995362,East
361,Monitor,3,172.67,2024-06-23 18:10:38.995362,South
362,Tablet,5,1234.41,2024-04-18 18:10:38.995362,South
363,Laptop,9,292.51,2024-09-29 18:10:38.995362,West
364,Laptop,4,1963.84,2024-11-10 18:10:38.995362,South
365,Phone,1,325.27,2024-09-18 18:10:38.995362,South
366,Keyboard,9,737.67,2024-06-24 18:10:38.995362,East
367,Monitor,5,1911.86,2024-08-14 18:10:38.995362,North
368,Phone,7,1115.78,2024-07-19 18:10:38.995362,North
369,Tablet,5,561.3,2025-01-12 18:10:38.995362,North
370,Monitor,6,1492.23,2024-10-09 18:10:38.995362,East
371,Phone,8,1550.51,2024-03-20 18:10:38.995362,West
372,Phone,6,1850.4,2024-11-30 18:10:38.995362,North
373,Tablet,3,103.82,2024-03-18 18:10:38.995362,South
374,Tablet,5,391.22,2024-12-24 18:10:38.995362,West
375,Laptop,7,1974.55,2024-08-01 18:10:38.995362,North
376,Phone,2,695.49,2024-07-13 18:10:38.995362,South
377,Tablet,4,278.3,2024-05-29 18:10:38.995362,South
378,Monitor,4,228.84,2024-10-28 18:10:38.995362,South
379,Monitor,6,570.12,2024-07-08 18:10:38.995362,North
380,Laptop,1,1102.81,2024-11-03 18:10:38.995362,East
381,Keyboard,4,559.93,2024-06-04 18:10:38.995362,West
382,Phone,8,675.57,2024-06-20 18:10:38.995362,South
383,Monitor,4,1546.0,2024-12-20 18:10:38.995362,South
384,Phone,7,829.76,2024-07-11 18:10:38.995362,North
385,Tablet,9,566.94,2024-11-14 18:10:38.995362,East
386,Monitor,1,1936.11,2024-04-23 18:10:38.995362,South
387,Monitor,3,1207.4,2024-03-27 18:10:38.995362,East
388,Keyboard,2,472.04,2024-10-05 18:10:38.995362,North
389,Monitor,9,1878.31,2024-02-08 18:10:38.995362,South
390,Laptop,5,1000.81,2024-07-23 18:10:38.995362,West
391,Phone,6,1535.67,2024-08-12 18:10:38.995362,North
392,Tablet,1,1043.89,2024-11-10 18:10:38.995362,West
393,Laptop,8,1328.57,2024-12-13 18:10:38.995362,East
394,Laptop,7,313.24,2024-07-17 18:10:38.995362,South
395,Keyboard,1,390.76,2024-03-19 18:10:38.995362,East
396,Tablet,2,638.42,2024-05-07 18:10:38.995362,North
397,Laptop,6,1989.0,2024-11-01 18:10:38.995362,South
398,Phone,3,1422.99,2024-05-15 18:10:38.995362,East
399,Tablet,1,1652.83,2024-10-15 18:10:38.995362,East
400,Keyboard,7,924.29,2024-02-05 18:10:38.995362,South
401,Keyboard,4,1397.84,2024-10-25 18:10:38.995362,East
402,Phone,4,431.28,2024-03-06 18:10:38.995362,West
403,Monitor,5,999.08,2024-06-23 18:10:38.995362,West
404,Keyboard,9,1544.93,2024-06-01 18:10:38.995362,North
405,Tablet,6,1304.04,2024-10-30 18:10:38.995362,East
406,Phone,8,1311.61,2025-01-21 18:10:38.995362,West
407,Laptop,9,695.74,2024-09-20 18:10:38.995362,South
408,Monitor,2,1393.77,2025-01-30 18:10:38.995362,North
409,Tablet,6,219.1,2024-06-10 18:10:38.995362,East
410,Keyboard,9,494.24,2025-01-05 18:10:38.995362,East
411,Monitor,7,553.46,2024-02-12 18:10:38.995362,North
412,Phone,8,980.64,2024-09-10 18:10:38.995362,East
413,Laptop,7,1301.74,2025-01-12 18:10:38.995362,West
414,Keyboard,1,1418.53,2025-01-05 18:10:38.995362,South
415,Keyboard,5,1971.65,2024-04-04 18:10:38.995362,West
416,Monitor,8,169.95,2024-09-05 18:10:38.995362,East
417,Phone,6,1211.16,2024-06-21 18:10:38.995362,South
418,Keyboard,7,289.15,2024-05-07 18:10:38.995362,West
419,Monitor,9,1617.91,2024-10-30 18:10:38.995362,East
420,Tablet,1,1598.85,2024-08-25 18:10:38.995362,West
421,Phone,1,120.73,2024-07-02 18:10:38.995362,North
422,Laptop,8,1417.68,2024-03-20 18:10:38.995362,North
423,Monitor,1,861.03,2024-05-27 18:10:38.995362,West
424,Keyboard,8,1978.87,2024-10-19 18:10:38.995362,West
425,Monitor,9,1630.43,2024-10-14 18:10:38.995362,South
426,Monitor,1,1603.09,2025-01-05 18:10:38.995362,South
427,Keyboard,2,1245.79,2024-02-14 18:10:38.995362,North
428,Laptop,5,1978.24,2024-12-24 18:10:38.995362,East
429,Phone,3,465.54,2024-10-02 18:10:38.995362,West
430,Keyboard,8,1781.85,2024-06-06 18:10:38.995362,West
431,Monitor,6,1907.8,2024-10-18 18:10:38.995362,North
432,Laptop,8,724.8,2024-02-29 18:10:38.995362,West
433,Monitor,2,1250.39,2024-05-13 18:10:38.995362,West
434,Phone,9,1498.0,2024-07-16 18:10:38.995362,West
435,Tablet,3,1765.34,2024-07-12 18:10:38.995362,West
436,Keyboard,9,895.81,2024-04-04 18:10:38.995362,West
437,Keyboard,9,1878.59,2024-10-28 18:10:38.995362,West
438,Keyboard,3,455.25,2024-08-14 18:10:38.995362,South
439,Tablet,6,1024.79,2024-10-26 18:10:38.995362,South
440,Tablet,7,725.75,2024-05-29 18:10:38.995362,South
441,Monitor,7,810.06,2024-04-12 18:10:38.995362,East
442,Tablet,2,1352.89,2024-05-13 18:10:38.995362,West
443,Laptop,4,1473.59,2024-04-23 18:10:38.995362,South
444,Tablet,5,1550.95,2024-08-14 18:10:38.995362,South
445,Phone,3,429.04,2024-03-25 18:10:38.995362,South
446,Laptop,7,389.98,2024-06-09 18:10:38.995362,North
447,Tablet,7,723.09,2024-04-17 18:10:38.995362,North
448,Laptop,1,1859.36,2024-06-15 18:10:38.995362,North
449,Tablet,6,1661.91,2024-07-21 18:10:38.995362,South
450,Phone,3,217.56,2024-05-30 18:10:38.995362,North
451,Tablet,9,1585.77,2024-05-08 18:10:38.995362,East
452,Laptop,1,1063.96,2024-12-18 18:10:38.995362,West
453,Laptop,4,1385.79,2024-06-25 18:10:38.995362,East
454,Keyboard,5,111.33,2024-04-18 18:10:38.995362,North
455,Monitor,5,601.28,2024-10-07 18:10:38.995362,West
456,Monitor,9,1731.99,2024-05-28 18:10:38.995362,North
457,Monitor,7,1219.26,2024-12-22 18:10:38.995362,East
458,Keyboard,9,1064.33,2025-01-25 18:10:38.995362,West
459,Laptop,1,1780.11,2024-02-05 18:10:38.995362,West
460,Laptop,7,375.18,2024-03-12 18:10:38.995362,South
461,Monitor,2,1106.02,2024-06-09 18:10:38.995362,North
462,Tablet,8,1631.6,2024-02-25 18:10:38.995362,West
463,Keyboard,9,351.89,2024-04-15 18:10:38.995362,North
464,Phone,4,1941.53,2024-06-16 18:10:38.995362,North
465,Phone,9,1134.96,2024-03-13 18:10:38.995362,East
466,Laptop,5,1287.05,2024-12-04 18:10:38.995362,South
467,Laptop,6,377.13,2024-04-12 18:10:38.995362,West
468,Monitor,6,1432.55,2024-10-14 18:10:38.995362,North
469,Laptop,1,882.38,2024-04-29 18:10:38.995362,East
470,Keyboard,1,1090.88,2024-04-20 18:10:38.995362,South
471,Laptop,9,461.0,2024-04-22 18:10:38.995362,North
472,Phone,7,487.01,2024-11-05 18:10:38.995362,West
473,Keyboard,1,1277.46,2024-02-19 18:10:38.995362,North
474,Laptop,4,1435.17,2025-01-02 18:10:38.995362,West
475,Tablet,2,144.22,2024-12-24 18:10:38.995362,West
476,Monitor,5,1556.38,2024-05-08 18:10:38.995362,South
477,Phone,7,110.51,2024-10-18 18:10:38.995362,East
478,Monitor,5,236.69,2024-02-22 18:10:38.995362,West
479,Tablet,5,1329.69,2024-09-17 18:10:38.995362,South
480,Laptop,9,701.07,2024-06-11 18:10:38.995362,South
481,Keyboard,7,176.86,2024-03-09 18:10:38.995362,West
482,Phone,4,930.15,2024-02-25 18:10:38.995362,West
483,Phone,7,573.59,2024-12-03 18:10:38.995362,East
484,Tablet,6,1603.47,2024-11-29 18:10:38.995362,West
485,Laptop,9,1261.61,2024-11-09 18:10:38.995362,East
486,Monitor,9,290.6,2024-04-17 18:10:38.995362,North
487,Phone,1,796.85,2024-02-27 18:10:38.995362,South
488,Monitor,2,722.67,2024-02-06 18:10:38.995362,West
489,Laptop,5,472.2,2024-04-13 18:10:38.995362,South
490,Tablet,7,835.6,2024-07-14 18:10:38.995362,East
491,Tablet,3,1633.7,2024-09-14 18:10:38.995362,West
492,Tablet,8,326.75,2024-04-03 18:10:38.995362,South
493,Keyboard,6,1772.6,2024-06-14 18:10:38.995362,East
494,Phone,3,1179.89,2025-01-21 18:10:38.995362,North
495,Tablet,4,114.88,2024-04-03 18:10:38.995362,East
496,Tablet,6,307.67,2024-07-05 18:10:38.995362,North
497,Phone,9,1589.17,2024-07-12 18:10:38.995362,North
498,Laptop,3,409.48,2025-01-01 18:10:38.995362,East
499,Tablet,1,771.49,2024-06-29 18:10:38.995362,North
500,Keyboard,1,489.11,2025-01-28 18:10:38.995362,South
501,Tablet,5,525.81,2024-05-31 18:10:38.995362,North
502,Laptop,5,1530.13,2024-12-18 18:10:38.996364,East
503,Monitor,3,879.41,2024-07-05 18:10:38.996364,North
504,Laptop,3,1912.87,2024-08-28 18:10:38.996364,North
505,Laptop,8,951.17,2024-11-04 18:10:38.996364,West
506,Phone,9,1949.86,2024-09-22 18:10:38.996364,South
507,Laptop,8,193.67,2024-02-24 18:10:38.996364,North
508,Monitor,1,775.84,2024-10-27 18:10:38.996364,North
509,Monitor,2,1525.37,2024-08-08 18:10:38.996364,West
510,Keyboard,2,865.11,2024-05-30 18:10:38.996364,North
511,Laptop,1,301.1,2024-06-13 18:10:38.996364,South
512,Monitor,3,1424.98,2024-05-29 18:10:38.996364,East
513,Keyboard,3,1825.49,2024-10-24 18:10:38.996364,East
514,Monitor,4,475.13,2024-10-17 18:10:38.996364,East
515,Phone,6,541.16,2024-07-16 18:10:38.996364,West
516,Tablet,3,1891.06,2024-10-09 18:10:38.996364,South
517,Laptop,7,562.87,2024-08-21 18:10:38.996364,North
518,Keyboard,9,265.12,2024-02-11 18:10:38.996364,North
519,Tablet,2,1958.45,2024-10-15 18:10:38.996364,North
520,Keyboard,6,361.11,2024-06-23 18:10:38.996364,North
521,Laptop,8,613.92,2024-05-17 18:10:38.996364,North
522,Monitor,9,378.99,2024-07-30 18:10:38.996364,South
523,Monitor,5,1140.08,2024-03-22 18:10:38.996364,West
524,Laptop,6,336.87,2024-12-23 18:10:38.996364,West
525,Tablet,2,1424.95,2024-03-17 18:10:38.996364,West
526,Tablet,2,358.48,2024-10-13 18:10:38.996364,South
527,Keyboard,1,1585.31,2025-01-31 18:10:38.996364,North
528,Monitor,7,600.07,2024-04-15 18:10:38.996364,West
529,Tablet,1,1972.9,2024-02-06 18:10:38.996364,North
530,Keyboard,7,212.59,2024-09-14 18:10:38.996364,West
531,Monitor,8,538.29,2024-10-24 18:10:38.996364,East
532,Monitor,4,1476.5,2024-11-22 18:10:38.996364,North
533,Phone,9,360.93,2024-04-15 18:10:38.996364,West
534,Phone,4,626.2,2024-07-25 18:10:38.996364,North
535,Keyboard,1,354.9,2024-10-16 18:10:38.996364,East
536,Laptop,2,843.37,2024-06-02 18:10:38.996364,South
537,Monitor,2,558.77,2024-08-31 18:10:38.996364,West
538,Phone,9,230.5,2024-12-16 18:10:38.996364,South
539,Phone,7,791.41,2024-02-16 18:10:38.996364,South
540,Keyboard,6,1202.91,2024-03-30 18:10:38.996364,North
541,Laptop,5,470.53,2024-12-10 18:10:38.996364,East
542,Phone,9,637.87,2024-07-19 18:10:38.996364,East
543,Monitor,7,891.9,2024-10-28 18:10:38.996364,North
544,Monitor,2,1072.25,2024-05-16 18:10:38.996364,East
545,Laptop,8,998.29,2024-03-03 18:10:38.996364,East
546,Tablet,7,148.22,2024-04-10 18:10:38.996364,North
547,Monitor,1,943.16,2024-03-28 18:10:38.996364,North
548,Keyboard,5,377.33,2024-03-20 18:10:38.996364,South
549,Keyboard,4,386.6,2024-10-05 18:10:38.996364,East
550,Tablet,7,190.09,2024-10-30 18:10:38.996364,South
551,Phone,2,260.68,2024-09-07 18:10:38.996364,North
552,Laptop,2,1994.83,2024-11-27 18:10:38.996364,South
553,Keyboard,7,793.56,2024-05-21 18:10:38.996364,East
554,Keyboard,4,525.93,2024-02-08 18:10:38.996364,East
555,Monitor,8,580.25,2024-05-15 18:10:38.996364,West
556,Laptop,2,251.13,2024-05-31 18:10:38.996364,East
557,Tablet,5,1140.51,2024-06-29 18:10:38.996364,East
558,Phone,1,860.36,2024-05-23 18:10:38.996364,South
559,Monitor,1,1314.22,2024-09-13 18:10:38.996364,South
560,Laptop,5,1335.11,2024-10-31 18:10:38.996364,East
561,Phone,6,361.63,2024-06-01 18:10:38.996364,North
562,Laptop,1,1267.84,2024-05-26 18:10:38.996364,East
563,Keyboard,4,499.86,2024-02-15 18:10:38.996364,South
564,Laptop,2,680.3,2024-12-22 18:10:38.996364,South
565,Tablet,5,1311.88,2024-12-21 18:10:38.996364,West
566,Keyboard,7,312.81,2024-05-28 18:10:38.996364,North
567,Monitor,7,1587.13,2024-08-01 18:10:38.996364,North
568,Monitor,3,261.69,2024-04-23 18:10:38.996364,West
569,Laptop,9,514.46,2024-11-17 18:10:38.996364,West
570,Laptop,2,1687.76,2024-05-07 18:10:38.996364,West
571,Phone,3,891.64,2024-06-27 18:10:38.996364,West
572,Laptop,4,282.4,2024-08-31 18:10:38.996364,South
573,Keyboard,9,730.75,2024-02-10 18:10:38.996364,West
574,Laptop,4,1511.65,2024-10-16 18:10:38.996364,West
575,Phone,1,1944.02,2024-06-12 18:10:38.996364,South
576,Phone,1,1979.64,2024-07-26 18:10:38.996364,East
577,Laptop,7,1124.07,2024-02-16 18:10:38.996364,West
578,Phone,4,1192.17,2024-12-18 18:10:38.996364,West
579,Monitor,2,1822.75,2024-04-06 18:10:38.996364,South
580,Keyboard,9,1413.08,2025-01-30 18:10:38.996364,East
581,Phone,9,299.24,2024-03-12 18:10:38.996364,South
582,Keyboard,1,1196.1,2024-05-22 18:10:38.996364,North
583,Laptop,2,1280.36,2025-01-12 18:10:38.996364,West
584,Tablet,1,1051.52,2024-09-05 18:10:38.996364,South
585,Tablet,2,1477.04,2024-12-11 18:10:38.996364,West
586,Phone,5,622.91,2024-08-29 18:10:38.996364,North
587,Monitor,7,813.44,2024-04-03 18:10:38.996364,East
588,Monitor,6,1493.19,2024-02-19 18:10:38.996364,South
589,Keyboard,7,1144.57,2024-11-12 18:10:38.996364,West
590,Phone,1,1572.32,2024-06-04 18:10:38.996364,South
591,Laptop,5,910.26,2024-12-02 18:10:38.996364,West
592,Phone,5,1361.79,2024-03-19 18:10:38.996364,North
593,Monitor,9,639.42,2024-10-11 18:10:38.996364,West
594,Tablet,2,1674.78,2024-10-27 18:10:38.996364,West
595,Keyboard,5,924.46,2024-03-10 18:10:38.996364,East
596,Keyboard,6,845.79,2024-02-29 18:10:38.996364,South
597,Laptop,6,552.48,2024-04-11 18:10:38.996364,East
598,Tablet,7,1153.5,2024-11-12 18:10:38.996364,East
599,Monitor,7,1121.17,2025-01-06 18:10:38.996364,South
600,Laptop,7,716.44,2024-06-19 18:10:38.996364,South
601,Tablet,6,185.07,2025-01-05 18:10:38.996364,East
602,Phone,5,1992.21,2024-12-20 18:10:38.996364,West
603,Phone,9,320.37,2025-01-03 18:10:38.996364,East
604,Tablet,6,876.59,2025-01-06 18:10:38.996364,South
605,Keyboard,9,683.66,2024-12-07 18:10:38.996364,North
606,Phone,4,1320.68,2024-06-01 18:10:38.996364,East
607,Laptop,8,1280.35,2024-03-08 18:10:38.996364,East
608,Laptop,2,946.1,2024-12-18 18:10:38.996364,South
609,Monitor,5,1669.88,2024-02-19 18:10:38.996364,West
610,Laptop,3,733.07,2024-03-06 18:10:38.996364,West
611,Keyboard,6,236.56,2024-05-16 18:10:38.996364,South
612,Tablet,4,487.46,2025-01-09 18:10:38.996364,East
613,Tablet,3,1203.36,2024-07-30 18:10:38.996364,South
614,Laptop,6,729.76,2024-04-08 18:10:38.996364,East
615,Keyboard,2,1194.36,2024-09-21 18:10:38.996364,East
616,Phone,2,970.73,2024-02-08 18:10:38.996364,South
617,Keyboard,4,1389.53,2024-09-11 18:10:38.996364,North
618,Laptop,8,1340.95,2024-11-21 18:10:38.996364,West
619,Laptop,3,278.87,2024-07-10 18:10:38.996364,West
620,Tablet,5,436.8,2024-11-14 18:10:38.996364,West
621,Monitor,6,513.06,2024-08-14 18:10:38.996364,North
622,Monitor,1,1029.89,2024-05-27 18:10:38.996364,South
623,Phone,5,428.47,2024-05-27 18:10:38.996364,North
624,Laptop,8,318.34,2024-12-25 18:10:38.996364,North
625,Laptop,7,168.77,2025-01-28 18:10:38.996364,East
626,Laptop,3,1671.55,2024-07-17 18:10:38.996364,East
627,Monitor,4,857.65,2024-07-04 18:10:38.996364,South
628,Keyboard,6,1282.64,2024-02-18 18:10:38.996364,East
629,Tablet,2,759.4,2024-05-14 18:10:38.996364,East
630,Monitor,5,1016.91,2024-05-18 18:10:38.996364,South
631,Laptop,9,934.38,2024-12-07 18:10:38.996364,South
632,Keyboard,4,1673.13,2024-08-03 18:10:38.996364,West
633,Monitor,8,1472.22,2024-09-25 18:10:38.996364,South
634,Monitor,5,1498.78,2025-01-27 18:10:38.996364,East
635,Tablet,4,1297.98,2024-05-13 18:10:38.996364,North
636,Phone,9,166.14,2024-06-24 18:10:38.996364,West
637,Keyboard,5,337.33,2025-01-28 18:10:38.996364,West
638,Tablet,4,673.9,2024-02-08 18:10:38.996364,West
639,Tablet,5,152.73,2024-02-16 18:10:38.996364,West
640,Keyboard,5,1021.9,2024-04-17 18:10:38.996364,South
641,Monitor,6,702.68,2024-04-18 18:10:38.996364,East
642,Phone,4,270.94,2024-06-26 18:10:38.996364,West
643,Tablet,1,348.46,2024-07-22 18:10:38.996364,East
644,Tablet,6,355.91,2024-04-28 18:10:38.996364,West
645,Tablet,7,1392.4,2024-09-24 18:10:38.996364,South
646,Monitor,9,263.81,2024-08-27 18:10:38.996364,South
647,Phone,1,764.76,2024-08-27 18:10:38.996364,South
648,Tablet,5,1511.22,2024-10-23 18:10:38.996364,West
649,Tablet,6,115.77,2024-09-02 18:10:38.996364,South
650,Phone,8,219.77,2024-06-28 18:10:38.996364,West
651,Tablet,7,1577.84,2024-10-16 18:10:38.996364,East
652,Phone,3,995.48,2024-04-06 18:10:38.996364,South
653,Monitor,4,1295.36,2024-12-19 18:10:38.996364,North
654,Monitor,2,1538.28,2024-06-02 18:10:38.996364,West
655,Keyboard,5,382.63,2024-05-24 18:10:38.996364,South
656,Tablet,8,1486.27,2024-03-16 18:10:38.996364,East
657,Monitor,6,1955.21,2024-04-17 18:10:38.996364,East
658,Monitor,5,1479.3,2024-05-27 18:10:38.996364,South
659,Phone,7,1132.49,2024-09-09 18:10:38.996364,East
660,Laptop,8,1626.25,2024-11-23 18:10:38.996364,North
661,Keyboard,4,1458.17,2024-10-29 18:10:38.996364,South
662,Phone,1,1508.27,2024-12-26 18:10:38.996364,East
663,Tablet,9,1365.95,2024-05-30 18:10:38.996364,East
664,Tablet,5,814.45,2024-02-20 18:10:38.996364,North
665,Laptop,2,995.5,2024-11-14 18:10:38.996364,North
666,Phone,6,1199.25,2024-07-24 18:10:38.996364,South
667,Keyboard,6,1916.47,2024-11-18 18:10:38.996364,East
668,Phone,8,458.22,2024-10-08 18:10:38.996364,East
669,Phone,8,1046.54,2024-08-23 18:10:38.996364,North
670,Phone,3,541.05,2024-04-17 18:10:38.996364,North
671,Phone,3,586.01,2024-12-27 18:10:38.996364,East
672,Laptop,9,1790.97,2024-02-12 18:10:38.996364,North
673,Phone,9,475.78,2024-04-04 18:10:38.996364,South
674,Monitor,1,994.71,2024-04-15 18:10:38.996364,East
675,Tablet,7,1814.59,2024-09-21 18:10:38.996364,West
676,Laptop,4,1528.12,2024-03-06 18:10:38.996364,West
677,Keyboard,5,202.47,2024-12-25 18:10:38.996364,East
678,Laptop,1,548.6,2024-03-05 18:10:38.996364,West
679,Phone,8,624.16,2024-10-18 18:10:38.996364,North
680,Laptop,7,714.95,2024-10-28 18:10:38.996364,East
681,Monitor,5,1472.24,2024-08-09 18:10:38.996364,West
682,Tablet,2,1907.55,2024-02-24 18:10:38.996364,West
683,Tablet,8,933.82,2024-11-06 18:10:38.996364,East
684,Monitor,1,1610.5,2024-05-03 18:10:38.996364,North
685,Monitor,4,1944.95,2025-01-02 18:10:38.996364,West
686,Laptop,8,587.89,2024-10-21 18:10:38.996364,West
687,Tablet,8,1231.47,2024-04-06 18:10:38.996364,East
688,Phone,1,692.79,2024-08-17 18:10:38.996364,South
689,Tablet,2,1411.95,2024-12-09 18:10:38.996364,North
690,Keyboard,6,1006.48,2024-09-19 18:10:38.996364,North
691,Keyboard,4,1867.66,2024-06-15 18:10:38.996364,North
692,Tablet,6,1341.41,2025-01-16 18:10:38.996364,West
693,Monitor,3,1303.88,2024-04-04 18:10:38.996364,West
694,Phone,4,417.43,2025-01-16 18:10:38.996364,West
695,Laptop,7,1371.48,2024-12-10 18:10:38.996364,South
696,Laptop,3,1306.28,2024-05-31 18:10:38.996364,West
697,Phone,7,275.17,2024-05-27 18:10:38.996364,East
698,Laptop,7,212.15,2024-03-18 18:10:38.996364,East
699,Laptop,3,617.03,2025-01-26 18:10:38.996364,West
700,Monitor,8,1314.58,2024-05-07 18:10:38.996364,South
701,Phone,3,1013.06,2024-11-24 18:10:38.996364,East
702,Monitor,7,505.87,2024-06-07 18:10:38.996364,West
703,Monitor,5,1864.78,2024-06-04 18:10:38.996364,West
704,Tablet,9,1782.55,2024-05-19 18:10:38.996364,East
705,Phone,6,1889.56,2025-01-29 18:10:38.996364,East
706,Tablet,7,1874.79,2024-05-29 18:10:38.996364,West
707,Laptop,4,144.91,2024-11-13 18:10:38.996364,East
708,Phone,8,668.93,2024-07-19 18:10:38.996364,West
709,Phone,5,1472.49,2025-01-08 18:10:38.996364,South
710,Phone,5,1749.01,2024-07-26 18:10:38.996364,East
711,Phone,8,650.29,2024-06-05 18:10:38.996364,East
712,Phone,9,1962.14,2024-12-25 18:10:38.996364,East
713,Keyboard,1,1067.67,2025-01-18 18:10:38.996364,North
714,Laptop,2,1718.56,2024-08-16 18:10:38.996364,South
715,Laptop,1,1075.06,2024-09-29 18:10:38.996364,East
716,Laptop,4,1811.95,2024-04-24 18:10:38.996364,East
717,Tablet,5,584.73,2025-01-10 18:10:38.996364,North
718,Keyboard,1,1539.82,2024-11-01 18:10:38.996364,South
719,Monitor,4,1880.36,2024-08-20 18:10:38.996364,West
720,Tablet,2,1868.22,2024-02-26 18:10:38.996364,East
721,Keyboard,4,1367.59,2024-06-30 18:10:38.996364,North
722,Laptop,2,898.19,2024-08-08 18:10:38.996364,East
723,Monitor,9,484.56,2024-10-15 18:10:38.996364,North
724,Phone,2,223.27,2024-10-11 18:10:38.996364,West
725,Keyboard,4,415.68,2024-08-29 18:10:38.996364,North
726,Laptop,6,620.9,2024-02-21 18:10:38.996364,East
727,Tablet,3,1669.91,2024-03-15 18:10:38.996364,North
728,Keyboard,2,1140.74,2024-05-09 18:10:38.996364,South
729,Keyboard,5,1499.33,2024-10-15 18:10:38.997365,West
730,Tablet,8,1078.71,2024-08-22 18:10:38.997365,East
731,Tablet,6,327.42,2024-11-22 18:10:38.997365,East
732,Laptop,5,964.61,2025-01-13 18:10:38.997365,East
733,Tablet,5,1208.68,2024-05-01 18:10:38.997365,East
734,Keyboard,6,1369.39,2024-03-20 18:10:38.997365,North
735,Laptop,5,924.41,2024-09-03 18:10:38.997365,South
736,Phone,2,347.68,2024-10-23 18:10:38.997365,South
737,Laptop,5,1638.97,2024-06-21 18:10:38.997365,South
738,Phone,1,1647.95,2024-04-27 18:10:38.997365,South
739,Monitor,8,931.85,2024-05-28 18:10:38.997365,East
740,Laptop,4,458.18,2024-02-16 18:10:38.997365,East
741,Laptop,4,269.84,2024-03-10 18:10:38.997365,West
742,Keyboard,8,1866.87,2024-06-03 18:10:38.997365,South
743,Phone,6,1105.64,2024-03-14 18:10:38.997365,North
744,Keyboard,4,1673.42,2024-03-12 18:10:38.997365,West
745,Laptop,3,943.28,2024-09-11 18:10:38.997365,North
746,Tablet,9,234.01,2024-09-30 18:10:38.997365,North
747,Laptop,5,656.56,2024-06-20 18:10:38.997365,West
748,Phone,3,967.34,2024-10-10 18:10:38.997365,North
749,Laptop,8,1596.83,2024-04-19 18:10:38.997365,West
750,Laptop,7,1887.73,2024-05-25 18:10:38.997365,North
751,Tablet,5,728.54,2024-05-04 18:10:38.997365,West
752,Keyboard,8,961.06,2024-04-24 18:10:38.997365,East
753,Laptop,7,1339.84,2024-10-03 18:10:38.997365,South
754,Laptop,3,284.05,2025-01-20 18:10:38.997365,East
755,Phone,8,1684.04,2025-01-30 18:10:38.997365,North
756,Monitor,1,1371.72,2024-12-05 18:10:38.997365,South
757,Monitor,8,1194.3,2024-02-28 18:10:38.997365,South
758,Phone,3,1293.67,2024-06-18 18:10:38.997365,North
759,Keyboard,7,1855.22,2025-01-15 18:10:38.997365,East
760,Keyboard,4,272.52,2024-09-01 18:10:38.997365,East
761,Phone,9,1892.13,2024-11-01 18:10:38.997365,South
762,Keyboard,9,128.15,2024-08-16 18:10:38.997365,East
763,Laptop,3,1733.71,2024-07-12 18:10:38.997365,East
764,Tablet,4,1600.57,2024-02-27 18:10:38.997365,East
765,Keyboard,7,1258.62,2024-08-20 18:10:38.997365,South
766,Phone,6,1765.7,2024-04-07 18:10:38.997365,East
767,Keyboard,4,1487.18,2024-12-28 18:10:38.997365,North
768,Laptop,7,1735.95,2024-02-17 18:10:38.997365,North
769,Keyboard,4,1614.93,2024-03-15 18:10:38.997365,North
770,Phone,9,1102.59,2024-04-04 18:10:38.997365,West
771,Tablet,4,386.06,2024-10-30 18:10:38.997365,East
772,Laptop,5,1674.75,2024-02-24 18:10:38.997365,West
773,Monitor,2,1841.19,2024-12-20 18:10:38.997365,North
774,Tablet,2,1774.23,2024-12-24 18:10:38.997365,South
775,Monitor,7,1869.66,2024-02-19 18:10:38.997365,West
776,Laptop,7,683.49,2024-11-30 18:10:38.997365,East
777,Tablet,8,796.9,2024-10-10 18:10:38.997365,East
778,Tablet,2,517.24,2024-08-18 18:10:38.997365,West
779,Monitor,1,148.41,2024-03-16 18:10:38.997365,South
780,Tablet,5,1562.4,2025-01-01 18:10:38.997365,West
781,Keyboard,6,1603.53,2024-06-03 18:10:38.997365,South
782,Monitor,7,1837.27,2024-08-01 18:10:38.997365,West
783,Monitor,5,696.98,2024-06-27 18:10:38.997365,North
784,Laptop,6,102.0,2024-10-01 18:10:38.997365,South
785,Laptop,9,1507.4,2024-06-13 18:10:38.997365,North
786,Tablet,8,1887.64,2024-04-13 18:10:38.997365,South
787,Monitor,8,473.39,2024-04-13 18:10:38.997365,South
788,Phone,8,103.01,2024-11-21 18:10:38.997365,South
789,Monitor,5,1040.19,2024-05-02 18:10:38.997365,East
790,Phone,6,665.94,2024-09-20 18:10:38.997365,East
791,Monitor,4,678.03,2025-01-10 18:10:38.997365,South
792,Laptop,5,1158.99,2024-05-31 18:10:38.997365,North
793,Tablet,2,1493.53,2024-06-21 18:10:38.997365,South
794,Laptop,8,1314.11,2024-03-14 18:10:38.997365,West
795,Monitor,4,964.5,2024-11-03 18:10:38.997365,North
796,Keyboard,2,1485.93,2024-10-21 18:10:38.997365,East
797,Keyboard,6,1363.96,2024-06-29 18:10:38.997365,North
798,Laptop,3,1168.89,2024-09-16 18:10:38.997365,South
799,Laptop,3,1339.88,2024-09-15 18:10:38.997365,North
800,Monitor,8,754.61,2024-06-27 18:10:38.997365,East
801,Phone,4,1833.12,2024-04-05 18:10:38.997365,East
802,Monitor,9,1028.48,2024-10-08 18:10:38.997365,West
803,Phone,6,257.81,2024-02-19 18:10:38.997365,West
804,Monitor,7,335.99,2024-02-07 18:10:38.997365,East
805,Laptop,3,122.54,2024-02-20 18:10:38.997365,North
806,Keyboard,2,1441.37,2024-03-26 18:10:38.997365,West
807,Monitor,8,382.04,2024-12-28 18:10:38.997365,West
808,Keyboard,5,1134.82,2024-09-11 18:10:38.997365,West
809,Phone,4,604.85,2024-11-22 18:10:38.997365,East
810,Keyboard,6,1791.86,2024-08-10 18:10:38.997365,South
811,Tablet,1,1826.83,2025-01-10 18:10:38.997365,South
812,Keyboard,9,1504.35,2024-07-04 18:10:38.997365,South
813,Keyboard,2,1630.82,2024-05-23 18:10:38.997365,South
814,Tablet,9,359.85,2024-08-21 18:10:38.997365,North
815,Monitor,8,1791.31,2024-05-28 18:10:38.997365,South
816,Phone,8,638.33,2024-07-14 18:10:38.997365,East
817,Keyboard,7,987.45,2024-10-31 18:10:38.997365,South
818,Phone,3,748.77,2025-01-31 18:10:38.997365,West
819,Phone,8,1664.58,2024-09-29 18:10:38.997365,East
820,Monitor,5,106.3,2024-07-06 18:10:38.997365,South
821,Monitor,6,346.04,2024-10-24 18:10:38.997365,North
822,Monitor,6,1639.84,2024-02-06 18:10:38.997365,East
823,Monitor,2,403.07,2024-05-21 18:10:38.997365,North
824,Monitor,3,1285.09,2024-12-22 18:10:38.997365,North
825,Laptop,4,438.54,2024-12-11 18:10:38.997365,South
826,Keyboard,1,154.31,2024-09-14 18:10:38.997365,West
827,Laptop,1,432.63,2024-02-19 18:10:38.997365,East
828,Monitor,2,639.9,2024-10-05 18:10:38.997365,North
829,Phone,3,592.66,2024-07-03 18:10:38.997365,North
830,Keyboard,9,288.67,2024-03-15 18:10:38.997365,South
831,Tablet,1,1099.13,2024-09-19 18:10:38.997365,East
832,Monitor,7,1254.09,2024-06-21 18:10:38.997365,South
833,Laptop,7,956.09,2024-10-10 18:10:38.997365,West
834,Tablet,8,445.49,2024-04-29 18:10:38.997365,West
835,Laptop,8,1369.11,2024-05-18 18:10:38.997365,West
836,Tablet,4,1487.78,2025-01-28 18:10:38.997365,East
837,Tablet,4,461.57,2024-06-10 18:10:38.997365,West
838,Keyboard,4,1027.01,2024-02-18 18:10:38.997365,North
839,Phone,3,954.54,2024-04-09 18:10:38.997365,North
840,Phone,6,594.8,2025-01-09 18:10:38.997365,East
841,Keyboard,3,1460.25,2024-07-14 18:10:38.997365,West
842,Keyboard,2,1622.17,2024-12-29 18:10:38.997365,West
843,Keyboard,2,1924.38,2024-08-04 18:10:38.997365,North
844,Monitor,1,452.82,2024-08-19 18:10:38.997365,East
845,Keyboard,2,629.18,2024-11-05 18:10:38.997365,South
846,Keyboard,8,825.5,2024-12-15 18:10:38.997365,North
847,Keyboard,4,831.27,2024-05-20 18:10:38.997365,East
848,Monitor,5,1888.98,2024-06-10 18:10:38.997365,South
849,Tablet,6,1315.0,2024-10-18 18:10:38.997365,East
850,Monitor,4,728.43,2024-09-22 18:10:38.997365,North
851,Monitor,9,181.46,2024-12-28 18:10:38.997365,South
852,Tablet,4,899.49,2024-10-02 18:10:38.997365,East
853,Monitor,4,1848.87,2024-09-27 18:10:38.997365,North
854,Phone,8,1261.07,2024-08-29 18:10:38.997365,East
855,Keyboard,2,1834.2,2024-03-16 18:10:38.997365,North
856,Keyboard,4,1003.38,2024-10-30 18:10:38.997365,North
857,Monitor,5,813.11,2024-08-09 18:10:38.997365,East
858,Phone,9,668.59,2024-06-19 18:10:38.997365,West
859,Keyboard,8,821.99,2024-08-04 18:10:38.997365,West
860,Phone,1,794.04,2024-03-06 18:10:38.997365,North
861,Monitor,9,1077.75,2024-08-30 18:10:38.997365,East
862,Keyboard,6,140.64,2024-09-02 18:10:38.997365,East
863,Laptop,3,1843.84,2024-04-23 18:10:38.997365,East
864,Phone,1,1667.02,2024-12-14 18:10:38.997365,East
865,Laptop,8,195.05,2024-07-09 18:10:38.997365,West
866,Laptop,4,1136.79,2024-11-27 18:10:38.997365,East
867,Monitor,5,595.09,2024-12-09 18:10:38.997365,South
868,Laptop,7,1148.56,2024-08-30 18:10:38.997365,South
869,Monitor,3,690.66,2024-10-01 18:10:38.997365,North
870,Phone,7,1752.98,2024-09-18 18:10:38.997365,South
871,Monitor,4,1686.64,2024-08-08 18:10:38.997365,East
872,Laptop,2,1649.14,2024-12-23 18:10:38.997365,East
873,Phone,2,559.14,2024-04-06 18:10:38.997365,West
874,Keyboard,9,1889.91,2024-10-08 18:10:38.997365,North
875,Keyboard,4,900.87,2024-07-03 18:10:38.997365,North
876,Keyboard,1,489.16,2024-12-29 18:10:38.997365,East
877,Laptop,2,1793.46,2024-05-31 18:10:38.997365,West
878,Phone,2,1347.67,2024-08-28 18:10:38.997365,South
879,Keyboard,2,781.5,2024-09-19 18:10:38.997365,South
880,Phone,5,1926.71,2024-04-01 18:10:38.997365,East
881,Tablet,6,1351.01,2024-07-07 18:10:38.997365,North
882,Keyboard,7,422.71,2024-05-26 18:10:38.997365,West
883,Monitor,5,1185.42,2024-07-08 18:10:38.997365,South
884,Keyboard,5,1845.91,2024-05-20 18:10:38.997365,East
885,Keyboard,7,1956.51,2024-11-25 18:10:38.997365,South
886,Monitor,8,1215.0,2024-08-08 18:10:38.997365,East
887,Laptop,7,397.29,2024-10-15 18:10:38.997365,South
888,Keyboard,5,755.26,2024-04-20 18:10:38.997365,East
889,Keyboard,3,248.2,2024-06-07 18:10:38.997365,West
890,Phone,6,1351.69,2024-06-26 18:10:38.997365,South
891,Keyboard,9,398.76,2024-05-10 18:10:38.997365,North
892,Laptop,4,1932.08,2024-06-17 18:10:38.997365,South
893,Phone,7,936.02,2024-07-26 18:10:38.997365,South
894,Tablet,2,537.89,2024-09-07 18:10:38.997365,South
895,Phone,2,1664.41,2024-03-19 18:10:38.997365,West
896,Laptop,9,988.64,2024-10-29 18:10:38.997365,East
897,Keyboard,8,1764.72,2024-11-17 18:10:38.997365,South
898,Laptop,6,943.13,2024-03-14 18:10:38.997365,South
899,Tablet,9,1901.58,2024-10-25 18:10:38.997365,North
900,Keyboard,1,927.05,2024-12-02 18:10:38.997365,North
901,Monitor,8,355.54,2024-04-28 18:10:38.997365,West
902,Laptop,8,515.96,2024-08-16 18:10:38.997365,East
903,Laptop,7,746.57,2024-11-03 18:10:38.997365,West
904,Monitor,1,928.84,2024-08-28 18:10:38.997365,West
905,Phone,9,1298.86,2024-07-27 18:10:38.997365,North
906,Monitor,7,1099.4,2024-12-10 18:10:38.997365,West
907,Laptop,2,1792.56,2024-02-21 18:10:38.997365,West
908,Monitor,3,1403.23,2024-05-30 18:10:38.997365,North
909,Phone,4,1824.59,2024-07-04 18:10:38.997365,West
910,Keyboard,3,255.59,2024-09-14 18:10:38.997365,North
911,Monitor,2,377.26,2024-10-07 18:10:38.997365,West
912,Laptop,7,280.23,2024-02-18 18:10:38.997365,South
913,Monitor,1,891.59,2024-10-16 18:10:38.997365,North
914,Phone,6,1964.57,2024-12-01 18:10:38.997365,West
915,Laptop,7,1687.5,2024-06-28 18:10:38.997365,East
916,Phone,8,1137.95,2024-11-08 18:10:38.997365,East
917,Phone,3,246.37,2024-07-27 18:10:38.997365,North
918,Monitor,1,828.45,2024-07-08 18:10:38.997365,North
919,Laptop,2,345.08,2024-06-28 18:10:38.997365,South
920,Monitor,3,864.18,2024-03-09 18:10:38.997365,West
921,Keyboard,3,474.81,2024-10-21 18:10:38.997365,East
922,Phone,3,850.35,2024-09-11 18:10:38.997365,West
923,Tablet,5,847.62,2024-06-28 18:10:38.997365,North
924,Monitor,4,1294.68,2024-08-29 18:10:38.997365,South
925,Laptop,6,1167.66,2024-05-14 18:10:38.997365,North
926,Keyboard,7,158.78,2024-08-26 18:10:38.997365,East
927,Tablet,2,649.09,2024-11-24 18:10:38.997365,North
928,Keyboard,7,518.68,2025-01-10 18:10:38.997365,North
929,Tablet,3,1368.64,2025-01-13 18:10:38.997365,North
930,Monitor,8,932.22,2024-10-01 18:10:38.997365,East
931,Monitor,1,1721.89,2024-03-29 18:10:38.997365,East
932,Keyboard,6,1558.8,2025-01-24 18:10:38.997365,North
933,Keyboard,7,1358.13,2024-07-29 18:10:38.997365,South
934,Keyboard,7,755.55,2024-03-28 18:10:38.997365,South
935,Laptop,2,1399.19,2024-03-27 18:10:38.997365,West
936,Monitor,8,976.72,2024-11-01 18:10:38.997365,East
937,Laptop,9,562.84,2024-11-10 18:10:38.997365,South
938,Tablet,1,1261.33,2024-04-05 18:10:38.997365,East
939,Keyboard,3,1384.2,2024-08-29 18:10:38.997365,North
940,Keyboard,4,1381.66,2024-07-15 18:10:38.997365,South
941,Tablet,3,314.55,2024-12-29 18:10:38.998366,East
942,Tablet,6,1456.6,2024-11-26 18:10:38.998366,East
943,Keyboard,5,1145.46,2024-06-16 18:10:38.998366,South
944,Monitor,6,1539.89,2024-08-26 18:10:38.998366,North
945,Phone,3,1797.49,2024-12-07 18:10:38.998366,East
946,Keyboard,4,831.92,2024-05-24 18:10:38.998366,West
947,Phone,8,1675.25,2024-10-29 18:10:38.998366,North
948,Phone,2,1339.33,2024-09-14 18:10:38.998366,West
949,Keyboard,4,559.97,2024-12-23 18:10:38.998366,South
950,Keyboard,3,1436.89,2025-01-24 18:10:38.998366,East
951,Tablet,8,1867.73,2024-12-29 18:10:38.998366,East
952,Tablet,2,1255.11,2024-05-03 18:10:38.998366,North
953,Keyboard,3,636.77,2024-09-18 18:10:38.998366,South
954,Laptop,4,1205.85,2024-08-10 18:10:38.998366,South
955,Monitor,8,186.38,2024-10-06 18:10:38.998366,East
956,Phone,5,1886.28,2024-08-14 18:10:38.998366,South
957,Keyboard,9,696.01,2024-11-20 18:10:38.998366,West
958,Tablet,7,522.64,2024-05-17 18:10:38.998366,West
959,Phone,5,1592.93,2024-04-27 18:10:38.998366,North
960,Tablet,1,867.55,2024-07-11 18:10:38.998366,South
961,Tablet,9,1477.46,2024-11-24 18:10:38.998366,North
962,Tablet,4,1761.37,2024-09-12 18:10:38.998366,West
963,Laptop,6,946.79,2024-05-05 18:10:38.998366,East
964,Tablet,7,564.16,2024-10-04 18:10:38.998366,East
965,Phone,4,1141.41,2025-01-20 18:10:38.998366,South
966,Tablet,3,356.41,2024-02-18 18:10:38.998366,South
967,Keyboard,7,1257.38,2024-10-31 18:10:38.998366,North
968,Monitor,8,474.85,2024-02-19 18:10:38.998366,North
969,Tablet,9,1278.23,2024-07-13 18:10:38.998366,North
970,Tablet,4,1446.68,2024-02-25 18:10:38.998366,South
971,Tablet,6,458.7,2024-10-19 18:10:38.998366,South
972,Phone,5,112.56,2024-08-15 18:10:38.998366,West
973,Laptop,6,1785.27,2024-08-12 18:10:38.998366,West
974,Keyboard,1,1223.44,2024-06-04 18:10:38.998366,North
975,Monitor,6,148.28,2024-11-03 18:10:38.998366,West
976,Keyboard,5,1609.47,2024-08-18 18:10:38.998366,South
977,Monitor,4,1970.85,2025-01-17 18:10:38.998366,East
978,Keyboard,2,215.38,2024-07-27 18:10:38.998366,East
979,Monitor,3,426.89,2024-04-16 18:10:38.998366,East
980,Laptop,9,1192.16,2024-06-27 18:10:38.998366,East
981,Phone,6,280.76,2024-11-05 18:10:38.998366,North
982,Keyboard,3,1079.84,2024-04-13 18:10:38.998366,East
983,Monitor,4,1753.11,2024-12-25 18:10:38.998366,South
984,Phone,6,1600.2,2024-06-22 18:10:38.998366,East
985,Laptop,1,583.91,2025-01-10 18:10:38.998366,West
986,Keyboard,3,219.11,2024-11-17 18:10:38.998366,East
987,Laptop,5,620.86,2024-04-17 18:10:38.998366,North
988,Phone,4,519.41,2024-10-26 18:10:38.998366,North
989,Phone,6,1639.64,2024-06-15 18:10:38.998366,South
990,Laptop,2,781.97,2024-09-17 18:10:38.998366,West
991,Tablet,9,422.93,2024-12-14 18:10:38.998366,North
992,Keyboard,9,1220.48,2024-09-15 18:10:38.998366,East
993,Phone,6,1650.76,2024-11-19 18:10:38.998366,East
994,Laptop,8,1530.14,2024-12-02 18:10:38.998366,South
995,Phone,8,1805.22,2024-10-31 18:10:38.998366,South
996,Laptop,9,307.56,2025-01-06 18:10:38.998366,North
997,Phone,1,1779.65,2024-03-03 18:10:38.998366,West
998,Monitor,7,280.4,2024-11-16 18:10:38.998366,South
999,Keyboard,1,320.39,2024-10-15 18:10:38.998366,North
1000,Monitor,2,417.75,2024-04-18 18:10:38.998366,West
